{
  "breakpoints": {
    "375": {
      "name": "page-item-detail",
      "viewportWidth": 323,
      "width": 323,
      "height": 2221,
      "bones": [
        [
          0,
          0,
          100,
          2221,
          8,
          true
        ],
        [
          4.0698,
          79,
          91.8605,
          296,
          26.25
        ],
        [
          4.0698,
          388,
          91.8605,
          296,
          13.125
        ],
        [
          4.0698,
          694,
          91.8605,
          296,
          13.125
        ],
        [
          4.0698,
          1000,
          91.8605,
          296,
          13.125
        ],
        [
          4.0698,
          1306,
          91.8605,
          296,
          13.125
        ],
        [
          4.0698,
          1629,
          91.8605,
          213,
          19.6875,
          true
        ],
        [
          10.4845,
          1650,
          24.4186,
          13,
          9.84375
        ],
        [
          10.4845,
          1673,
          63.2219,
          33,
          9.84375
        ],
        [
          10.4845,
          1719,
          79.031,
          13,
          9.84375
        ],
        [
          10.4845,
          1738,
          59.2733,
          13,
          9.84375
        ],
        [
          10.4845,
          1788,
          10.1744,
          33,
          9.84375
        ],
        [
          23.7112,
          1790,
          32.5581,
          13,
          9.84375
        ],
        [
          23.7112,
          1810,
          24.4186,
          10,
          9.84375
        ],
        [
          4.0698,
          1858,
          91.8605,
          222,
          19.6875,
          true
        ],
        [
          10.4845,
          1879,
          79.031,
          23,
          9.84375
        ],
        [
          10.4845,
          1918,
          37.9893,
          66,
          13.125
        ],
        [
          51.5262,
          1918,
          37.9893,
          66,
          13.125
        ],
        [
          10.4845,
          1994,
          37.9893,
          66,
          13.125
        ],
        [
          51.5262,
          1994,
          37.9893,
          66,
          13.125
        ],
        [
          4.0698,
          2097,
          91.8605,
          46,
          13.125
        ]
      ]
    },
    "768": {
      "name": "page-item-detail",
      "viewportWidth": 704,
      "width": 704,
      "height": 4101,
      "bones": [
        [
          0,
          0,
          100,
          4101,
          8,
          true
        ],
        [
          4.5455,
          96,
          90.9091,
          640,
          32
        ],
        [
          4.5455,
          752,
          90.9091,
          640,
          16
        ],
        [
          4.5455,
          1404,
          90.9091,
          640,
          16
        ],
        [
          4.5455,
          2056,
          90.9091,
          640,
          16
        ],
        [
          4.5455,
          2708,
          90.9091,
          640,
          16
        ],
        [
          4.5455,
          3380,
          90.9091,
          259,
          24,
          true
        ],
        [
          8.0966,
          3405,
          13.6364,
          16,
          12
        ],
        [
          8.0966,
          3433,
          67.0455,
          40,
          12
        ],
        [
          8.0966,
          3489,
          83.8068,
          16,
          12
        ],
        [
          8.0966,
          3513,
          62.8551,
          16,
          12
        ],
        [
          8.0966,
          3574,
          5.6818,
          40,
          12
        ],
        [
          15.483,
          3576,
          18.1818,
          16,
          12
        ],
        [
          15.483,
          3600,
          13.6364,
          12,
          12
        ],
        [
          4.5455,
          3659,
          90.9091,
          270,
          24,
          true
        ],
        [
          8.0966,
          3684,
          83.8068,
          28,
          12
        ],
        [
          8.0966,
          3732,
          41.0511,
          80,
          16
        ],
        [
          50.8523,
          3732,
          41.0511,
          80,
          16
        ],
        [
          8.0966,
          3824,
          41.0511,
          80,
          16
        ],
        [
          50.8523,
          3824,
          41.0511,
          80,
          16
        ],
        [
          4.5455,
          3949,
          90.9091,
          56,
          16
        ]
      ]
    },
    "1280": {
      "name": "page-item-detail",
      "viewportWidth": 1216,
      "width": 1216,
      "height": 6661,
      "bones": [
        [
          0,
          0,
          100,
          6661,
          8,
          true
        ],
        [
          2.6316,
          96,
          94.7368,
          1152,
          32
        ],
        [
          2.6316,
          1264,
          94.7368,
          1152,
          16
        ],
        [
          2.6316,
          2428,
          94.7368,
          1152,
          16
        ],
        [
          2.6316,
          3592,
          94.7368,
          1152,
          16
        ],
        [
          2.6316,
          4756,
          94.7368,
          1152,
          16
        ],
        [
          2.6316,
          5940,
          94.7368,
          259,
          24,
          true
        ],
        [
          4.6875,
          5965,
          7.8947,
          16,
          12
        ],
        [
          4.6875,
          5993,
          72.4995,
          40,
          12
        ],
        [
          4.6875,
          6049,
          90.625,
          16,
          12
        ],
        [
          4.6875,
          6073,
          67.9688,
          16,
          12
        ],
        [
          4.6875,
          6134,
          3.2895,
          40,
          12
        ],
        [
          8.9638,
          6136,
          10.5263,
          16,
          12
        ],
        [
          8.9638,
          6160,
          7.8947,
          12,
          12
        ],
        [
          2.6316,
          6219,
          94.7368,
          270,
          24,
          true
        ],
        [
          4.6875,
          6244,
          90.625,
          28,
          12
        ],
        [
          4.6875,
          6292,
          44.8191,
          80,
          16
        ],
        [
          50.4934,
          6292,
          44.8191,
          80,
          16
        ],
        [
          4.6875,
          6384,
          44.8191,
          80,
          16
        ],
        [
          50.4934,
          6384,
          44.8191,
          80,
          16
        ],
        [
          2.6316,
          6509,
          94.7368,
          56,
          16
        ]
      ]
    }
  },
  "_hash": "a268320754340928fa37288ce036dddd"
}