{
  "breakpoints": {
    "375": {
      "name": "page-messages",
      "viewportWidth": 323,
      "width": 323,
      "height": 730,
      "bones": [
        [
          0,
          0,
          100,
          730,
          8,
          true
        ],
        [
          4.0698,
          79,
          91.8605,
          586,
          19.6875,
          true
        ],
        [
          80.3585,
          96,
          10.1744,
          33,
          13.125
        ],
        [
          9.4671,
          145,
          81.0659,
          39,
          13.125
        ],
        [
          9.4671,
          201,
          81.0659,
          53,
          13.125,
          true
        ],
        [
          12.5194,
          211,
          10.1744,
          33,
          9.84375
        ],
        [
          25.7461,
          213,
          28.4884,
          13,
          9.84375
        ],
        [
          77.3062,
          214,
          10.1744,
          10,
          9.84375
        ],
        [
          25.7461,
          232,
          61.7345,
          10,
          9.84375
        ],
        [
          12.5194,
          277,
          10.1744,
          33,
          9.84375
        ],
        [
          25.7461,
          278,
          28.4884,
          13,
          9.84375
        ],
        [
          77.3062,
          280,
          10.1744,
          10,
          9.84375
        ],
        [
          25.7461,
          298,
          61.7345,
          10,
          9.84375
        ],
        [
          12.5194,
          342,
          10.1744,
          33,
          9.84375
        ],
        [
          25.7461,
          344,
          28.4884,
          13,
          9.84375
        ],
        [
          77.3062,
          346,
          10.1744,
          10,
          9.84375
        ],
        [
          25.7461,
          364,
          61.7345,
          10,
          9.84375
        ],
        [
          12.5194,
          408,
          10.1744,
          33,
          9.84375
        ],
        [
          25.7461,
          410,
          28.4884,
          13,
          9.84375
        ],
        [
          77.3062,
          411,
          10.1744,
          10,
          9.84375
        ],
        [
          25.7461,
          429,
          61.7345,
          10,
          9.84375
        ],
        [
          12.5194,
          474,
          10.1744,
          33,
          9.84375
        ],
        [
          25.7461,
          475,
          28.4884,
          13,
          9.84375
        ],
        [
          77.3062,
          477,
          10.1744,
          10,
          9.84375
        ],
        [
          25.7461,
          495,
          61.7345,
          10,
          9.84375
        ],
        [
          12.5194,
          539,
          10.1744,
          33,
          9.84375
        ],
        [
          25.7461,
          541,
          28.4884,
          13,
          9.84375
        ],
        [
          77.3062,
          542,
          10.1744,
          10,
          9.84375
        ],
        [
          25.7461,
          560,
          61.7345,
          10,
          9.84375
        ],
        [
          12.5194,
          605,
          10.1744,
          33,
          9.84375
        ],
        [
          25.7461,
          606,
          28.4884,
          13,
          9.84375
        ],
        [
          77.3062,
          608,
          10.1744,
          10,
          9.84375
        ],
        [
          25.7461,
          626,
          61.7345,
          10,
          9.84375
        ]
      ]
    },
    "768": {
      "name": "page-messages",
      "viewportWidth": 704,
      "width": 704,
      "height": 834,
      "bones": [
        [
          0,
          0,
          100,
          834,
          8,
          true
        ],
        [
          3.4091,
          96,
          54.5455,
          714,
          24,
          true
        ],
        [
          49.2898,
          117,
          5.6818,
          40,
          16
        ],
        [
          6.392,
          177,
          48.5795,
          48,
          16
        ],
        [
          6.392,
          245,
          48.5795,
          64,
          16,
          true
        ],
        [
          8.0966,
          257,
          5.6818,
          40,
          12
        ],
        [
          15.483,
          259,
          15.9091,
          16,
          12
        ],
        [
          47.5852,
          261,
          5.6818,
          12,
          12
        ],
        [
          15.483,
          283,
          37.7841,
          12,
          12
        ],
        [
          8.0966,
          337,
          5.6818,
          40,
          12
        ],
        [
          15.483,
          339,
          15.9091,
          16,
          12
        ],
        [
          47.5852,
          341,
          5.6818,
          12,
          12
        ],
        [
          15.483,
          363,
          37.7841,
          12,
          12
        ],
        [
          8.0966,
          417,
          5.6818,
          40,
          12
        ],
        [
          15.483,
          419,
          15.9091,
          16,
          12
        ],
        [
          47.5852,
          421,
          5.6818,
          12,
          12
        ],
        [
          15.483,
          443,
          37.7841,
          12,
          12
        ],
        [
          8.0966,
          497,
          5.6818,
          40,
          12
        ],
        [
          15.483,
          499,
          15.9091,
          16,
          12
        ],
        [
          47.5852,
          501,
          5.6818,
          12,
          12
        ],
        [
          15.483,
          523,
          37.7841,
          12,
          12
        ],
        [
          8.0966,
          577,
          5.6818,
          40,
          12
        ],
        [
          15.483,
          579,
          15.9091,
          16,
          12
        ],
        [
          47.5852,
          581,
          5.6818,
          12,
          12
        ],
        [
          15.483,
          603,
          37.7841,
          12,
          12
        ],
        [
          8.0966,
          657,
          5.6818,
          40,
          12
        ],
        [
          15.483,
          659,
          15.9091,
          16,
          12
        ],
        [
          47.5852,
          661,
          5.6818,
          12,
          12
        ],
        [
          15.483,
          683,
          37.7841,
          12,
          12
        ],
        [
          8.0966,
          737,
          5.6818,
          40,
          12
        ],
        [
          15.483,
          739,
          15.9091,
          16,
          12
        ],
        [
          47.5852,
          741,
          5.6818,
          12,
          12
        ],
        [
          15.483,
          763,
          37.7841,
          12,
          12
        ],
        [
          60.7955,
          96,
          35.7955,
          714,
          24,
          true
        ],
        [
          63.7784,
          117,
          5.6818,
          40,
          12
        ],
        [
          71.1648,
          119,
          18.1818,
          16,
          12
        ],
        [
          71.1648,
          143,
          11.3636,
          12,
          12
        ],
        [
          89.3466,
          119,
          4.2614,
          36,
          12
        ],
        [
          64.3466,
          202,
          14.3466,
          56,
          8
        ],
        [
          75.8256,
          274,
          17.2141,
          56,
          8
        ],
        [
          64.3466,
          346,
          11.4768,
          56,
          8
        ],
        [
          78.6932,
