{
  "breakpoints": {
    "375": {
      "name": "page-post",
      "viewportWidth": 323,
      "width": 323,
      "height": 900,
      "bones": [
        [
          0,
          0,
          100,
          900,
          8,
          true
        ],
        [
          4.0698,
          79,
          91.8605,
          585,
          19.6875,
          true
        ],
        [
          10.4845,
          99,
          56.9767,
          30,
          9.84375
        ],
        [
          10.4845,
          139,
          79.031,
          13,
          9.84375
        ],
        [
          10.4845,
          178,
          24.4186,
          13,
          9.84375
        ],
        [
          10.4845,
          208,
          32.5581,
          13,
          9.84375
        ],
        [
          10.4845,
          237,
          20.3488,
          13,
          9.84375
        ],
        [
          10.4845,
          270,
          28.4884,
          13,
          9.84375
        ],
        [
          10.4845,
          306,
          28.4884,
          13,
          9.84375
        ],
        [
          10.4845,
          326,
          37.9893,
          123,
          13.125
        ],
        [
          51.5262,
          326,
          37.9893,
          123,
          13.125
        ],
        [
          10.4845,
          458,
          37.9893,
          123,
          13.125
        ],
        [
          51.5262,
          458,
          37.9893,
          123,
          13.125
        ],
        [
          10.4845,
          604,
          43.4205,
          39,
          13.125
        ],
        [
          56.9574,
          604,
          32.5581,
          39,
          13.125
        ]
      ]
    },
    "768": {
      "name": "page-post",
      "viewportWidth": 704,
      "width": 704,
      "height": 900,
      "bones": [
        [
          0,
          0,
          100,
          900,
          8,
          true
        ],
        [
          4.5455,
          96,
          90.9091,
          513,
          24,
          true
        ],
        [
          9.233,
          129,
          31.8182,
          36,
          12
        ],
        [
          9.233,
          177,
          45.4545,
          16,
          12
        ],
        [
          9.233,
          225,
          13.6364,
          16,
          12
        ],
        [
          9.233,
          261,
          18.1818,
          16,
          12
        ],
        [
          9.233,
          297,
          11.3636,
          16,
          12
        ],
        [
          51.1364,
          297,
          15.9091,
          16,
          12
        ],
        [
          9.233,
          341,
          15.9091,
          16,
          12
        ],
        [
          9.233,
          365,
          19.1051,
          135,
          16
        ],
        [
          30.0426,
          365,
          19.1051,
          135,
          16
        ],
        [
          50.8523,
          365,
          19.1051,
          135,
          16
        ],
        [
          71.6619,
          365,
          19.1051,
          135,
          16
        ],
        [
          9.233,
          528,
          61.6477,
          48,
          16
        ],
        [
          72.5852,
          528,
          18.1818,
          48,
          16
        ]
      ]
    },
    "1280": {
      "name": "page-post",
      "viewportWidth": 1216,
      "width": 1216,
      "height": 900,
      "bones": [
        [
          13.1579,
          0,
          73.6842,
          900,
          8,
          true
        ],
        [
          15.7895,
          96,
          68.4211,
          561,
          24,
          true
        ],
        [
          18.5033,
          129,
          18.4211,
          36,
          12
        ],
        [
          18.5033,
          177,
          26.3158,
          16,
          12
        ],
        [
          18.5033,
          225,
          7.8947,
          16,
          12
        ],
        [
          18.5033,
          261,
          10.5263,
          16,
          12
        ],
        [
          18.5033,
          297,
          6.5789,
          16,
          12
        ],
        [
          50.6579,
          297,
          9.2105,
          16,
          12
        ],
        [
          18.5033,
          341,
          9.2105,
          16,
          12
        ],
        [
          18.5033,
          365,
          15.0082,
          183,
          16
        ],
        [
          34.4984,
          365,
          15.0082,
          183,
          16
        ],
        [
          50.4934,
          365,
          15.0082,
          183,
          16
        ],
        [
          66.4885,
          365,
          15.0082,
          183,
          16
        ],
        [
          18.5033,
          576,
          51.4803,
          48,
          16
        ],
        [
          70.9704,
          576,
          10.5263,
          48,
          16
        ]
      ]
    }
  },
  "_hash": "acc1f79ff1259aa324ad72ffdc5aa89f"
}