{
  "breakpoints": {
    "375": {
      "name": "page-profile",
      "viewportWidth": 323,
      "width": 323,
      "height": 1220,
      "bones": [
        [
          0,
          0,
          100,
          1220,
          8,
          true
        ],
        [
          4.0698,
          79,
          91.8605,
          190,
          26.25,
          true
        ],
        [
          11.1919,
          105,
          15.5523,
          79,
          9.84375
        ],
        [
          31.8314,
          102,
          56.9767,
          26,
          9.84375
        ],
        [
          31.8314,
          138,
          40.6977,
          13,
          9.84375
        ],
        [
          31.8314,
          161,
          28.4884,
          26,
          9.84375
        ],
        [
          11.1919,
          207,
          32.5581,
          39,
          9.84375
        ],
        [
          4.0698,
          289,
          91.8605,
          91,
          19.6875,
          true
        ],
        [
          9.4671,
          306,
          20.3488,
          13,
          9.84375
        ],
        [
          9.4671,
          332,
          24.4186,
          30,
          9.84375
        ],
        [
          4.0698,
          392,
          91.8605,
          91,
          19.6875,
          true
        ],
        [
          9.4671,
          410,
          20.3488,
          13,
          9.84375
        ],
        [
          9.4671,
          436,
          24.4186,
          30,
          9.84375
        ],
        [
          4.0698,
          496,
          91.8605,
          91,
          19.6875,
          true
        ],
        [
          9.4671,
          514,
          20.3488,
          13,
          9.84375
        ],
        [
          9.4671,
          540,
          24.4186,
          30,
          9.84375
        ],
        [
          4.0698,
          600,
          91.8605,
          91,
          19.6875,
          true
        ],
        [
          9.4671,
          617,
          20.3488,
          13,
          9.84375
        ],
        [
          9.4671,
          644,
          24.4186,
          30,
          9.84375
        ],
        [
          4.0698,
          710,
          91.8605,
          156,
          19.6875,
          true
        ],
        [
          10.4845,
          731,
          40.6977,
          23,
          9.84375
        ],
        [
          10.4845,
          774,
          24.4186,
          13,
          9.84375
        ],
        [
          10.4845,
          800,
          20.3488,
          13,
          9.84375
        ],
        [
          10.4845,
          826,
          28.4884,
          13,
          9.84375
        ],
        [
          4.0698,
          886,
          91.8605,
          255,
          19.6875,
          true
        ],
        [
          10.4845,
          907,
          79.031,
          23,
          9.84375
        ],
        [
          10.4845,
          949,
          9.157,
          30,
          6.5625
        ],
        [
          22.6938,
          951,
          66.8217,
          10,
          9.84375
        ],
        [
          22.6938,
          967,
          33.4109,
          10,
          9.84375
        ],
        [
          10.4845,
          992,
          9.157,
          30,
          6.5625
        ],
        [
          22.6938,
          994,
          66.8217,
          10,
          9.84375
        ],
        [
          22.6938,
          1010,
          33.4109,
          10,
          9.84375
        ],
        [
          10.4845,
          1035,
          9.157,
          30,
          6.5625
        ],
        [
          22.6938,
          1036,
          66.8217,
          10,
          9.84375
        ],
        [
          22.6938,
          1053,
          33.4109,
          10,
          9.84375
        ],
        [
          10.4845,
          1077,
          9.157,
          30,
          6.5625
        ],
        [
          22.6938,
          1079,
          66.8217,
          10,
          9.84375
        ],
        [
          22.6938,
          1095,
          33.4109,
          10,
          9.84375
        ]
      ]
    },
    "768": {
      "name": "page-profile",
      "viewportWidth": 704,
      "width": 704,
      "height": 1034,