{
  "breakpoints": {
    "375": {
      "name": "route-feed-card-grid",
      "viewportWidth": 283,
      "width": 283,
      "height": 2258,
      "bones": [
        [
          0,
          0,
          100,
          360,
          6.5625,
          true
        ],
        [
          6.1479,
          17,
          87.7042,
          186,
          3.28125
        ],
        [
          6.1479,
          217,
          29.2329,
          10,
          9.84375
        ],
        [
          6.1479,
          236,
          65.7781,
          16,
          9.84375
        ],
        [
          6.1479,
          263,
          87.7042,
          10,
          9.84375
        ],
        [
          6.1479,
          279,
          58.4658,
          10,
          9.84375
        ],
        [
          6.1479,
          319,
          8.1126,
          23,
          9.84375
        ],
        [
          16.5784,
          326,
          23.1788,
          10,
          9.84375
        ],
        [
          75.3091,
          321,
          18.543,
          20,
          9.84375
        ],
        [
          0,
          380,
          100,
          360,
          6.5625,
          true
        ],
        [
          6.1479,
          397,
          87.7042,
          186,
          3.28125
        ],
        [
          6.1479,
          596,
          29.2329,
          10,
          9.84375
        ],
        [
          6.1479,
          616,
          65.7781,
          16,
          9.84375
        ],
        [
          6.1479,
          642,
          87.7042,
          10,
          9.84375
        ],
        [
          6.1479,
          659,
          58.4658,
          10,
          9.84375
        ],
        [
          6.1479,
          699,
          8.1126,
          23,
          9.84375
        ],
        [
          16.5784,
          706,
          23.1788,
          10,
          9.84375
        ],
        [
          75.3091,
          701,
          18.543,
          20,
          9.84375
        ],
        [
          0,
          759,
          100,
          360,
          6.5625,
          true
        ],
        [
          6.1479,
          777,
          87.7042,
          186,
          3.28125
        ],
        [
          6.1479,
          976,
          29.2329,
          10,
          9.84375
        ],
        [
          6.1479,
          996,
          65.7781,
          16,
          9.84375
        ],
        [
          6.1479,
          1022,
          87.7042,
          10,
          9.84375
        ],
        [
          6.1479,
          1038,
          58.4658,
          10,
          9.84375
        ],
        [
          6.1479,
          1079,
          8.1126,
          23,
          9.84375
        ],
        [
          16.5784,
          1085,
          23.1788,
          10,
          9.84375
        ],
        [
          75.3091,
          1080,
          18.543,
          20,
          9.84375
        ],
        [
          0,
          1139,
          100,
          360,
          6.5625,
          true
        ],
        [
          6.1479,
          1156,
          87.7042,
          186,
          3.28125
        ],
        [
          6.1479,
          1355,
          29.2329,
          10,
          9.84375
        ],
        [
          6.1479,
          1375,
          65.7781,
          16,
          9.84375
        ],
        [
          6.1479,
          1401,
          87.7042,
          10,
          9.84375
        ],
        [
          6.1479,
          1418,
          58.4658,
          10,
          9.84375
        ],
        [
          6.1479,
          1458,
          8.1126,
          23,
          9.84375
        ],
        [
          16.5784,
          1465,
          23.1788,
          10,
          9.84375
        ],
        [
          75.3091,
          1460,
          18.543,
          20,
          9.84375
        ],
        [
          0,
          1518,
          100,
          360,
          6.5625,
          true
        ],
        [
          6.1479,
          1536,
          87.7042,
          186,
          3.28125
        ],
        [
          6.1479,
          1735,
          29.2329,
          10,
          9.84375
        ],
        [
          6.1479,
          1755,
          65.7781,
          16,
          9.84375
        ],
        [
          6.1479,
          1781,
          87.7042,
          10,
          9.84375
        ],
        [
          6.1479,
          1797,
          58.4658,
          10,
          9.84375
        ],
        [
          6.1479,
          1838,
          8.1126,
          23,
          9.84375
        ],
        [
          16.5784,
          1844,
          23.1788,
          10,
          9.84375
        ],
        [
          75.3091,
          1839,
          18.543,
          20,
          9.84375
        ],
        [
          0,
          1898,
          100,
          360,
          6.5625,
          true
        ],
        [
          6.1479,
          1915,
          87.7042,
          186,
          3.28125
        ],
        [
          6.1479,
          2115,
          29.2329,
          10,
          9.84375
        ],
        [
          6.1479,
          2134,
          65.7781,
          16,
          9.84375
        ],
        [
          6.1479,
          2160,
          87.7042,
          10,
          9.84375
        ],
        [
          6.1479,
          2177,
          58.4658,
          10,
          9.84375
        ],
        [
          6.1479,
          2217,
          8.1126,
          23,
          9.84375
        ],
        [
          16.5784,
          2224,
          23.1788,
          10,
          9.84375
        ],
        [
          75.3091,
          2219,
          18.543,
          20,
          9.84375
        ]
      ]
    },
    "768": {
      "name": "route-feed-card-grid",
      "viewportWidth": 656,
      "width": 656,
      "height": 1298,