{
  "breakpoints": {
    "375": {
      "name": "shared-card-grid",
      "viewportWidth": 323,
      "width": 323,
      "height": 2586,
      "bones": [
        [
          0,
          0,
          100,
          417,
          19.6875,
          true
        ],
        [
          0.3101,
          1,
          99.3798,
          240,
          8
        ],
        [
          5.3973,
          258,
          24.4186,
          20,
          9.84375
        ],
        [
          78.3236,
          258,
          16.2791,
          20,
          9.84375
        ],
        [
          5.3973,
          287,
          71.3614,
          20,
          9.84375
        ],
        [
          5.3973,
          317,
          89.2054,
          10,
          9.84375
        ],
        [
          5.3973,
          333,
          59.4671,
          10,
          9.84375
        ],
        [
          5.3973,
          374,
          8.1395,
          26,
          9.84375
        ],
        [
          15.5717,
          382,
          24.4186,
          10,
          9.84375
        ],
        [
          74.2539,
          374,
          20.3488,
          26,
          9.84375
        ],
        [
          0,
          434,
          100,
          417,
          19.6875,
          true
        ],
        [
          0.3101,
          435,
          99.3798,
          240,
          8
        ],
        [
          5.3973,
          691,
          24.4186,
          20,
          9.84375
        ],
        [
          78.3236,
          691,
          16.2791,
          20,
          9.84375
        ],
        [
          5.3973,
          721,
          71.3614,
          20,
          9.84375
        ],
        [
          5.3973,
          751,
          89.2054,
          10,
          9.84375
        ],
        [
          5.3973,
          767,
          59.4671,
          10,
          9.84375
        ],
        [
          5.3973,
          807,
          8.1395,
          26,
          9.84375
        ],
        [
          15.5717,
          816,
          24.4186,
          10,
          9.84375
        ],
        [
          74.2539,
          807,
          20.3488,
          26,
          9.84375
        ],
        [
          0,
          867,
          100,
          417,
          19.6875,
          true
        ],
        [
          0.3101,
          868,
          99.3798,
          240,
          8
        ],
        [
          5.3973,
          1125,
          24.4186,
          20,
          9.84375
        ],
        [
          78.3236,
          1125,
          16.2791,
          20,
          9.84375
        ],
        [
          5.3973,
          1155,
          71.3614,
          20,
          9.84375
        ],
        [
          5.3973,
          1184,
          89.2054,
          10,
          9.84375
        ],
        [
          5.3973,
          1201,
          59.4671,
          10,
          9.84375
        ],
        [
          5.3973,
          1241,
          8.1395,
          26,
          9.84375
        ],
        [
          15.5717,
          1249,
          24.4186,
          10,
          9.84375
        ],
        [
          74.2539,
          1241,
          20.3488,
          26,
          9.84375
        ],
        [
          0,
          1301,
          100,
          417,
          19.6875,
          true
        ],
        [
          0.3101,
          1302,
          99.3798,
          240,
          8
        ],
        [
          5.3973,
          1559,
          24.4186,
          20,
          9.84375
        ],
        [
          78.3236,
          1559,
          16.2791,
          20,
          9.84375
        ],
        [
          5.3973,
          1588,
          71.3614,
          20,
          9.84375
        ],
        [
          5.3973,
          1618,
          89.2054,
          10,
          9.84375
        ],
        [
          5.3973,
          1634,
          59.4671,
          10,
          9.84375
        ],
        [
          5.3973,
          1675,
          8.1395,
          26,
          9.84375
        ],
        [
          15.5717,
          1683,
          24.4186,
          10,
          9.84375
        ],
        [
          74.2539,
          1675,
          20.3488,
          26,
          9.84375
        ],
        [
          0,
          1735,
          100,
          417,
          19.6875,
          true
        ],
        [
          0.3101,
          1736,
          99.3798,
          240,
          8
        ],
        [
          5.3973,
          1993,
          24.4186,
          20,
          9.84375
        ],
        [
          78.3236,
          1993,
          16.2791,
          20,
          9.84375
        ],
        [
          5.3973,
          2022,
          71.3614,
          20,
          9.84375
        ],
        [
          5.3973,
          2052,
          89.2054,
          10,
          9.84375
        ],
        [
          5.3973,
          2068,
          59.4671,
          10,
          9.84375
        ],
        [
          5.3973,
          2108,
          8.1395,
          26,
          9.84375
        ],
        [
          15.5717,
          2117,
          24.4186,
          10,
          9.84375
        ],
        [
          74.2539,
          2108,
          20.3488,
          26,
          9.84375
        ],
        [
          0,
          2168,
          100,
          417,
          19.6875,
          true
        ],
        [
          0.3101,
          2169,
          99.3798,
          240,
          8
        ],
        [
          5.3973,
          2426,
          24.4186,
          20,
          9.84375
        ],
        [
          78.3236,
          2426,
          16.2791,
          20,
          9.84375
        ],
        [
          5.3973,
          2456,
          71.3614,
          20,
          9.84375
        ],
        [
          5.3973,
          2485,
          89.2054,
          10,
          9.84375
        ],
        [
          5.3973,
          2502,
          59.4671,
          10,
          9.84375
        ],
        [
          5.3973,
          2542,
          8.1395,
          26,
          9.84375
        ],
        [
          15.5717,
          2550,
          24.4186,
          10,
          9.84375
        ],
        [
          74.2539,
          2542,
          20.3488,
          26,
          9.84375
        ]
      ]
    },
    "768": {
      "name": "shared-card-grid",
      "viewportWidth": 704,
      "width": 704,
      "height": 1450,